id,first_name,last_name,email,employer
1,Laura,Mcdonald,lmcdonald0@blogtalkradio.com,Berge-Harvey
2,Nicole,Romero,nromero1@bing.com,Kassulke-Konopelski
3,George,Bell,gbell2@mapquest.com,Bashirian-Feil
4,Rose,Cunningham,rcunningham3@usgs.gov,Leuschke-Nienow
5,Justin,Andrews,jandrews4@rediff.com,'Sawayn, Koepp and Anderson'
6,Marilyn,Fernandez,mfernandez5@uiuc.edu,Ryan-Luettgen
7,Samuel,Gomez,sgomez6@jiathis.com,Larson-McGlynn
8,Emily,Scott,escott7@businessinsider.com,'Heller, Connelly and Parker'
9,Judith,Ramirez,jramirez8@macromedia.com,'Lebsack, Conn and Sawayn'
10,Joan,Peterson,jpeterson9@xing.com,Harvey-Bernier
11,Jimmy,Wallace,jwallacea@privacy.gov.au,'Cruickshank, Stamm and Kautzer'
12,Joyce,Stevens,jstevensb@nps.gov,Hilpert Group
13,Jeffrey,Gardner,jgardnerc@shop-pro.jp,N
14,Thomas,Sanchez,tsanchezd@cbc.ca,'Grant, Murray and Roberts'
15,Anthony,Wheeler,awheelere@networkadvertising.org,Zboncak-Collins
16,Michael,Sims,msimsf@kickstarter.com,Senger
17,Betty,Black,bblackg@eventbrite.com,'D''Amore-Aufderhar, Gutkowski and Rath'
18,Amanda,Cunningham,acunninghamh@hhs.gov,Abernathy Inc
19,Richard,Day,rdayi@hao123.com,'Upton, Funk and Leannon'
20,Howard,Schmidt,hschmidtj@taobao.com,'Ebert, Little and Dibbert'
21,Harold,Wells,hwellsk@reuters.com,Cormier Inc
22,Harry,Walker,hwalkerl@vkontakte.ru,Hoppe-Zieme
23,Wayne,Sanders,wsandersm@1688.com,'Lynch, Little and Bogan'
24,Frances,Kennedy,fkennedyn@freewebs.com,'Zieme, Fadel and Miller'
25,Samuel,Owens,sowenso@hubpages.com,'Carter, Schimmel and Stokes'